,City,Latitude,Longitude,Humidity,Wind_Speed,Temperature,Cloudiness
0,São Filipe,14.9,-24.5,81,0.64,36.812,100
1,East London,-33.02,27.91,31,5.44,35.339999999999996,0
2,Nikolskoye,59.7,30.79,87,1.0,34.144000000000005,0
3,Punta Arenas,-53.15,-70.92,86,9.3,32.186,22
4,Qasigiannguit,68.82,-51.19,81,1.0,33.42999999999999,11
5,Petropavlovsk-Kamchatskiy,53.05,158.65,68,5.0,35.83,20
6,Hermanus,-34.42,19.23,71,5.36,34.80800000000001,86
7,Saint-Pierre,-21.34,55.48,68,2.6,35.158,2
8,Rikitea,-23.12,-134.97,75,5.89,36.355999999999995,54
9,Safi,32.3,-9.24,91,5.99,36.226,0
10,Mataura,-46.19,168.86,83,2.2,33.474000000000004,83
11,Geraldton,-28.77,114.6,68,5.7,35.83,40
12,Albany,42.6,-73.97,89,2.21,36.684000000000005,90
13,Evensk,61.95,159.23,73,4.3,35.622,11
14,Dikson,73.51,80.55,97,2.35,33.001999999999995,100
15,Port Alfred,-33.59,26.89,32,4.25,35.212,0
16,Atuona,-9.8,-139.03,77,8.05,37.279999999999994,4
17,Norrtälje,59.76,18.7,93,1.5,33.884,2
18,Puerto Ayora,-0.74,-90.35,93,0.45,36.029999999999994,46
19,Asău,46.43,26.4,76,8.2,34.616,80
20,Katsuura,35.13,140.3,69,0.45,36.604,99
21,Kamenka,51.32,42.77,79,0.89,35.91799999999999,65
22,Upernavik,72.79,-56.15,89,3.92,33.06,77
23,Ancud,-41.87,-73.82,77,2.1,32.08200000000001,20
24,Ulladulla,-35.35,150.47,67,2.1,34.65,40
25,Petites Anses,15.85,-61.64,83,2.1,37.42999999999999,20
26,San Policarpo,12.18,125.51,70,3.16,37.874,100
27,Yellowknife,62.46,-114.35,43,3.1,36.266,75
28,Kavieng,-2.57,150.8,65,2.0,37.874,51
29,Yining,29.04,114.56,68,1.71,38.23,99
30,Vaini,-21.2,-175.2,73,5.7,36.629999999999995,75
31,Qaanaaq,77.48,-69.36,69,0.62,33.272000000000006,97
32,Osijek,45.55,18.69,93,1.5,34.45,0
33,Panabá,21.28,-88.27,85,2.86,37.053999999999995,46
34,Hong Kong,22.29,114.16,66,4.02,38.352,8
35,Kaitangata,-46.28,169.85,63,3.13,33.80800000000001,25
36,Iqaluit,63.75,-68.51,67,5.1,34.588,40
37,Saint Paul Harbor,57.79,-152.41,81,7.2,34.42999999999999,90
38,Kumul,42.8,93.45,30,0.75,37.536,91
39,Ilulissat,69.22,-51.1,81,1.0,33.42999999999999,61
40,Simao,22.79,100.97,96,1.99,35.786,100
41,Ponta do Sol,32.67,-17.1,75,0.57,35.838,0
42,Toamasina,-18.17,49.38,93,1.82,35.83,40
43,Antofagasta,-23.65,-70.4,71,0.5,34.83,90
44,Ushuaia,-54.8,-68.3,95,8.7,32.42999999999999,75
45,Rocky Mountain House,52.37,-114.92,86,0.25,34.327999999999996,100
46,Hasaki,35.73,140.83,88,2.1,36.326,75
47,Berlevåg,70.86,29.09,87,0.7,33.766,2
48,Torbay,47.67,-52.73,87,10.3,34.541999999999994,90
49,Khandyga,62.67,135.6,40,2.19,37.94199999999999,0
50,Luanda,-8.84,13.23,88,1.0,36.029999999999994,100
51,Lavrentiya,65.58,-171.0,77,3.07,33.52,12
52,Bahía Blanca,-38.72,-62.27,62,5.09,33.016,97
53,Hilo,19.73,-155.09,58,3.6,37.19,75
54,Clyde River,70.47,-68.59,93,3.1,32.83,75
55,Cherskiy,68.75,161.3,85,1.21,34.608000000000004,100
56,Tonj,7.27,28.68,94,1.09,36.286,100
57,Souillac,-20.52,57.52,78,8.2,36.42999999999999,75
58,Portland,45.52,-122.68,40,5.1,36.386,20
59,Vereeniging,-26.67,27.93,67,1.82,32.438,0
60,Port Blair,11.67,92.75,77,6.33,37.760000000000005,100
61,Cap Malheureux,-19.98,57.61,81,4.47,36.141999999999996,1
62,Lucea,18.45,-78.17,83,2.1,37.45399999999999,20
63,Saint George,37.1,-113.58,10,7.7,40.382000000000005,1
64,Hambantota,6.12,81.12,100,2.1,37.23,75
65,Berdigestyakh,62.1,126.7,38,1.35,38.842,13
66,Busselton,-33.65,115.33,66,6.54,35.188,88
67,Pisco,-13.7,-76.22,87,1.0,35.144000000000005,40
68,Mirzāpur,25.15,82.58,79,1.5,38.029999999999994,75
69,Talcahuano,-36.72,-73.12,93,3.6,34.029999999999994,90
70,Mugur-Aksy,50.35,90.5,75,2.19,34.212,100
71,Bluff,-46.6,168.33,74,6.4,33.83,92
72,Meybod,32.25,54.02,20,4.1,38.029999999999994,20
73,Jamestown,42.1,-79.24,88,2.1,35.80800000000001,1
74,Olafsvik,64.89,-23.71,81,1.19,34.105999999999995,87
75,Esperance,-33.87,121.9,54,9.8,34.42999999999999,0
76,Taksimo,56.34,114.88,42,1.33,37.672000000000004,9
77,Comodoro Rivadavia,-45.87,-67.5,64,4.6,32.83,1
78,Saint-Philippe,-21.36,55.77,68,2.6,35.09400000000001,30
79,Tooele,40.53,-112.3,27,1.5,38.242,1
80,Moerai,-22.43,-151.33,80,7.16,36.6,100
81,Hobart,-42.88,147.33,70,3.1,33.878,75
82,Provideniya,64.38,-173.3,81,6.0,33.83,40
83,Todos Santos,23.45,-110.22,84,0.89,37.141999999999996,94
84,Mahébourg,-20.41,57.7,78,8.2,36.42999999999999,75
85,Belyy Yar,53.6,91.39,77,0.37,35.629999999999995,92
86,Santa Maria,-29.68,-53.81,93,1.0,34.42999999999999,40
87,Kapaa,22.08,-159.32,74,7.2,37.178,75
88,Beringovskiy,63.05,179.32,86,3.99,34.08,100
89,Butaritari,3.07,172.79,76,5.47,37.75599999999999,86
90,Tiksi,71.69,128.87,51,2.44,35.715999999999994,0
91,Camabatela,-8.19,15.38,99,1.15,34.74400000000001,36
92,Ashcroft,50.72,-121.29,62,4.6,34.879999999999995,75
93,Escanaba,45.75,-87.06,68,1.5,35.44199999999999,1
94,Arenápolis,-14.45,-56.85,52,1.35,36.732000000000006,19
95,Saskylakh,71.92,114.08,54,6.6,35.682,89
96,Orange Cove,36.62,-119.31,20,3.19,39.814,1
97,Touros,-5.2,-35.46,94,2.1,36.42999999999999,75
98,Bambous Virieux,-20.34,57.76,78,8.2,36.294000000000004,75
99,Tuktoyaktuk,69.45,-133.04,62,6.2,35.029999999999994,75
100,Lüderitz,-26.65,15.16,93,2.1,34.23,0
101,Chui,-33.7,-53.46,73,4.13,33.258,49
102,Pavlodar,52.3,76.95,56,6.0,36.42999999999999,100
103,Huilong,31.81,121.66,78,6.21,38.053999999999995,100
104,Yuzhno-Kurilsk,44.03,145.86,84,4.38,34.903999999999996,98
105,Kruisfontein,-34.0,24.73,37,3.38,34.525999999999996,0
106,George Town,5.41,100.34,78,4.6,37.562,20
107,Carnarvon,-24.87,113.63,64,3.1,36.629999999999995,0
108,Griffith,41.53,-87.42,77,3.1,36.116,1
109,Solnechnyy,50.72,136.63,57,1.55,37.06,37
110,Chokurdakh,70.63,147.92,40,3.85,36.69199999999999,33
111,Qui Nhon,13.77,109.23,61,2.5,38.19199999999999,21
112,Agadez,19.75,10.25,35,3.39,37.882000000000005,0
113,Eyl,7.98,49.82,66,11.67,37.517999999999994,38
114,Mar del Plata,-38.0,-57.56,65,7.2,33.108000000000004,0
115,Buraidah,26.33,43.98,27,1.5,38.629999999999995,20
116,Airai,-8.93,125.41,68,2.76,36.09400000000001,100
117,Thunder Bay,48.4,-89.32,77,2.1,35.83,20
118,Castro,-24.79,-50.01,89,1.96,34.867999999999995,2
119,Bermeo,43.42,-2.72,88,0.5,35.738,75
120,Port Elizabeth,-33.92,25.57,44,4.1,34.83,0
121,Anloga,5.79,0.9,88,3.1,36.83,20
122,Akdepe,42.06,59.38,26,7.2,37.83,0
123,Oktyabr'skoye,43.06,44.74,62,1.78,35.758,19
124,Soyo,-6.13,12.37,81,3.03,36.470000000000006,85
125,Deputatsky,69.3,139.9,43,3.7,36.536,73
126,Lakes Entrance,-37.88,147.98,87,3.58,34.91799999999999,14
127,Karratha,-20.74,116.85,22,8.33,36.378,0
128,Pevek,69.7,170.31,66,3.04,34.108000000000004,34
129,Talnakh,69.49,88.4,58,3.0,34.83,100
130,Grand Gaube,-20.01,57.66,81,4.47,36.141999999999996,2
131,San Cristobal,7.77,-72.22,82,0.82,35.727999999999994,100
132,Arraial do Cabo,-22.97,-42.03,79,5.93,36.470000000000006,46
133,Jahāngīrpur,28.18,77.72,79,1.5,37.83,40
134,Banda Aceh,5.56,95.32,69,2.41,37.67,100
135,Vila Franca do Campo,37.72,-25.43,77,1.5,35.83,40
136,Erzin,36.96,36.2,90,1.77,37.141999999999996,83
137,Bengkulu,-3.8,102.27,77,0.78,37.378,82
138,Bonfim,3.08,-59.95,84,1.95,36.944,100
139,Adrar,20.5,-10.07,33,5.58,38.636,68
140,Bethel,41.37,-73.41,64,2.1,36.788,40
141,Kisangani,0.52,25.2,94,0.89,36.434000000000005,100
142,Seoul,37.57,126.98,93,2.1,35.948,90
143,Tawao,4.25,117.89,74,2.1,38.029999999999994,20
144,Nelson Bay,-32.72,152.15,67,5.1,34.94199999999999,20
145,Lebu,-37.62,-73.65,88,3.37,33.827999999999996,100
146,Tessalit,20.2,1.01,30,3.32,38.484,9
147,Rio de Loba,40.67,-7.88,37,1.34,36.586,0
148,Scarborough,54.28,-0.4,85,0.45,34.61,100
149,Yulara,-25.24,130.99,41,7.7,34.83,0
150,Severo-Kuril'sk,50.68,156.12,88,4.45,34.166,98
151,Bagnols-sur-Cèze,44.16,4.62,64,2.68,35.970000000000006,98
152,Biak,-0.91,122.88,72,3.26,37.564,79
153,New Norfolk,-42.78,147.06,82,0.67,33.61,0
154,Bulawayo,-20.15,28.58,65,3.27,33.148,0
155,Newnan,33.38,-84.8,71,1.23,36.589999999999996,98
156,Plettenberg Bay,-34.05,23.37,32,4.94,35.339999999999996,0
157,Vao,-22.67,167.48,78,8.12,36.496,98
158,Hargeisa,9.56,44.06,63,14.56,36.176,100
159,Abbeville,50.1,1.83,82,1.5,33.972,11
160,Nanortalik,60.14,-45.24,86,1.54,33.534000000000006,100
161,Sitka,57.05,-135.33,82,1.5,34.83,90
162,Hofn,64.25,-15.21,86,3.93,34.246,100
163,Narsaq,60.92,-46.05,76,1.0,34.23,100
164,Taozhuang,34.85,117.33,78,4.29,36.908,71
165,Erdenet,49.03,104.08,73,1.91,35.653999999999996,0
166,Biryusinsk,55.96,97.82,60,3.21,36.120000000000005,70
167,Acaraú,-2.89,-40.12,81,6.47,37.062,26
168,Champerico,14.3,-91.92,77,2.7,37.564,59
169,Nhulunbuy,-12.23,136.77,54,11.3,37.23,75
170,Sooke,48.37,-123.73,59,2.24,35.548,3
171,Mopti,14.67,-4.0,41,4.95,38.672000000000004,13
172,Bakchar,57.02,82.07,90,2.3,35.21,98
173,Mazyr,52.05,29.25,95,3.23,34.254,100
174,Yangi Marg`ilon,40.43,71.72,34,2.1,37.42999999999999,60
175,Nouadhibou,20.93,-17.03,79,4.54,36.516,0
176,San Quintín,30.48,-115.95,62,5.21,36.69,0
177,Tinskoy,56.15,96.92,60,3.1,36.06,93
178,Cape Town,-33.93,18.42,54,12.9,35.029999999999994,75
179,Leningradskiy,69.38,178.42,69,4.68,33.324,82
180,Tasiilaq,65.61,-37.64,93,2.1,32.42999999999999,27
181,Londonderry,55.0,-7.31,96,2.47,34.908,100
182,Padang,-0.95,100.35,81,1.74,37.15599999999999,100
183,Alice Springs,-23.7,133.88,47,6.7,34.504,0
184,Te Anau,-45.42,167.72,74,0.19,33.242,4
185,Lutkun,41.48,47.69,59,2.68,35.278,2
186,Mana,5.66,-53.78,88,3.47,37.086,60
187,Binga,-17.62,27.34,42,0.95,34.504,0
188,Bom Jardim,-7.8,-35.59,96,1.7,35.660000000000004,0
189,Mwinilunga,-11.74,24.43,53,2.29,34.477999999999994,0
190,Mossamedes,-15.2,12.15,78,3.77,35.372,0
191,Ampanihy,-24.7,44.75,90,1.79,35.122,14
192,Karatau,43.17,70.47,28,5.03,36.720000000000006,0
193,Montrose,38.42,-108.27,19,3.1,37.52,1
194,Khovd,48.01,91.64,54,0.56,35.576,100
195,Mitsamiouli,-11.38,43.28,72,2.4,37.08,0
196,Takoradze,4.88,-1.76,91,3.28,36.672000000000004,37
197,Barranca,-10.75,-77.77,90,2.3,35.08200000000001,6
198,Tiarei,-17.53,-149.33,61,3.1,37.396,75
199,Baymak,52.59,58.32,78,0.92,36.384,0
200,Nara,34.69,135.8,88,1.0,36.17,75
201,Skibbereen,51.55,-9.27,93,5.7,34.83,90
202,Progress,40.29,-76.83,95,0.7,36.112,96
203,Hamilton,39.18,-84.53,88,2.44,35.95,1
204,Broome,42.25,-75.83,82,3.6,35.766,40
205,Tuatapere,-46.13,167.68,66,1.69,33.738,44
206,Arman',59.7,150.17,64,2.5,35.862,57
207,Pāvilosta,56.89,21.19,100,2.87,33.54,0
208,Aykhal,66.0,111.5,49,4.0,36.029999999999994,0
209,Avarua,-21.21,-159.78,94,4.1,36.029999999999994,100
210,Kodinsk,58.69,99.18,47,1.6,36.59400000000001,12
211,Shache,38.42,77.24,23,4.08,37.686,92
212,Sechura,-5.56,-80.82,79,6.68,35.694,0
213,Rockland,41.17,-74.05,69,3.28,36.922000000000004,81
214,Araouane,18.9,-3.53,24,1.87,39.068,31
215,Camacha,33.08,-16.33,77,5.1,36.029999999999994,40
216,Ucluelet,48.93,-125.55,77,5.7,35.24400000000001,20
217,Moyale,3.52,39.06,88,6.24,35.763999999999996,94
218,Fortuna,40.6,-124.16,82,6.2,35.498000000000005,20
219,Camopi,3.17,-52.32,96,0.78,36.465999999999994,9
220,Westport,41.14,-73.36,78,2.1,36.91799999999999,1
221,Mezen',65.85,44.24,85,1.13,34.120000000000005,19
222,Conde,-7.26,-34.91,94,2.1,36.42999999999999,0
223,Moranbah,-22.0,148.05,25,4.84,35.992,0
224,Lorengau,-2.02,147.27,59,2.25,38.08200000000001,75
225,Oddur,4.12,43.89,83,7.96,36.42999999999999,5
226,Roebourne,-20.78,117.13,23,8.02,36.348,0
227,Fukuechō,32.69,128.84,94,6.7,37.23,75
228,Guadalupe,25.68,-100.25,24,4.1,38.95399999999999,40
229,Marquette,46.53,-87.63,84,0.45,35.172000000000004,0
230,Najrān,17.49,44.13,27,2.1,38.029999999999994,40
231,Ogaminana,7.59,6.22,95,3.48,36.40599999999999,99
232,Cockburn Town,21.46,-71.14,79,7.03,37.722,0
233,Tsimmerbude,54.67,20.13,93,3.0,34.42999999999999,40
234,Liaozhong,41.51,122.72,78,2.0,37.23,100
235,Kaniama,-7.57,24.18,48,0.93,35.824,37
236,Vostok,46.49,135.88,84,1.47,36.08,51
237,Salalah,17.02,54.09,100,2.1,37.42999999999999,90
238,Atikokan,48.76,-91.62,66,1.39,35.69199999999999,4
239,Tabou,4.42,-7.35,77,2.46,36.814,93
240,Bindura,-17.3,31.33,68,0.46,33.46,0
241,Byron Bay,-28.65,153.62,59,4.6,35.714,40
242,Guerrero Negro,27.98,-114.06,54,8.54,36.879999999999995,0
243,Bredasdorp,-34.53,20.04,82,8.7,34.629999999999995,95
244,Hammerfest,70.66,23.68,76,1.5,34.23,91
245,Bilibino,68.05,166.44,81,1.14,35.196000000000005,100
246,Dahra,36.25,0.85,50,2.17,37.23,78
247,Quatre Cocos,-20.21,57.76,78,8.2,36.336,75
248,Vanino,49.09,140.25,64,2.95,36.044000000000004,73
249,Matara,5.95,80.54,84,3.99,37.467999999999996,100
250,Blind River,46.18,-82.96,68,4.6,35.89,90
251,Campbell River,50.02,-125.24,68,1.5,35.61,75
252,Forsytheganj,52.63,29.73,95,3.88,34.263999999999996,100
253,Yar-Sale,66.83,70.83,94,4.77,34.294000000000004,100
254,Mehamn,71.04,27.85,81,1.81,33.83200000000001,0
255,Taltal,-25.4,-70.48,78,1.38,34.562,33
256,Arsk,56.09,49.88,56,4.0,36.23,45
257,Merritt Island,28.54,-80.67,83,2.1,37.315999999999995,1
258,Kalachinsk,55.05,74.58,75,2.9,35.538,1
259,Biltine,14.53,20.92,45,3.81,38.053999999999995,82
260,Lompoc,34.64,-120.46,77,5.7,35.574,0
261,Chiungutwa,-10.88,38.98,96,0.33,35.428,6
262,Kuching,1.55,110.33,79,2.1,37.83,40
263,Singaraja,-8.11,115.09,60,0.61,37.802,10
264,Requena,39.49,-1.1,97,1.18,35.474000000000004,1
265,Alofi,-19.06,-169.92,78,9.8,36.83,19
266,Sabha,27.04,14.43,30,4.05,37.396,0
267,Zorgo,12.25,-0.62,75,5.02,37.074,71
268,Koshurnikovo,54.17,93.3,69,0.41,35.926,80
269,Port-Gentil,-0.72,8.78,90,6.27,36.67999999999999,100
270,Puerto Escondido,15.85,-97.07,78,1.55,37.455999999999996,91
271,Upington,-28.45,21.26,42,8.11,33.92999999999999,0
272,Palmer,42.16,-72.33,78,1.32,36.652,75
273,Ribeira Grande,38.52,-28.7,81,7.02,36.11,8
274,Sakakah,29.97,40.21,25,3.1,37.83,0
275,Bend,44.06,-121.32,29,5.7,36.315999999999995,1
276,Am Timan,11.03,20.28,88,1.79,36.81,83
277,Freeport,40.66,-73.58,65,5.1,37.263999999999996,20
278,Senanga,-16.12,23.27,47,2.29,33.891999999999996,0
279,Pangnirtung,66.15,-65.71,67,0.8,33.715999999999994,30
280,Ponta Delgada,37.73,-25.67,77,1.5,35.83,40
281,Mount Gambier,-37.83,140.77,93,2.1,34.42999999999999,0
282,Nome,64.5,-165.41,55,9.3,35.854,1
283,Hithadhoo,-0.6,73.08,75,4.67,37.855999999999995,38
284,Urengoy,65.97,78.37,96,4.54,34.513999999999996,100
285,Bathsheba,13.22,-59.52,78,6.2,37.629999999999995,40
286,Ukiah,39.15,-123.21,27,5.7,37.65,1
287,Buchanan,5.88,-10.05,85,2.57,36.855999999999995,64
288,Augsburg,48.37,10.88,87,1.0,33.938,10
289,Rawson,-43.3,-65.1,72,8.93,32.75599999999999,0
290,Pinega,64.7,43.39,82,0.98,34.77,79
291,Coquimbo,-29.95,-71.34,87,2.1,34.42999999999999,51
292,Bodden Town,19.28,-81.25,77,1.75,37.696000000000005,13
293,Canmore,51.08,-115.35,54,2.1,34.184000000000005,90
294,Samdrup Jongkhar District,26.92,91.62,75,1.22,37.31,72
295,Dzhubga,44.32,38.7,80,1.91,36.504,0
296,Baykit,61.67,96.37,56,2.11,36.524,94
297,Cidreira,-30.18,-50.21,90,3.58,34.474000000000004,15
298,Rettikhovka,44.17,132.77,55,1.54,37.30800000000001,14
299,Muros,42.78,-9.06,64,3.13,35.91799999999999,0
300,Doha,25.29,51.53,84,1.5,38.760000000000005,44
301,Konstantinovka,49.62,127.98,54,1.98,37.903999999999996,0
302,Zhigansk,66.77,123.37,51,4.65,36.403999999999996,100
303,Revelstoke,50.98,-118.2,62,3.1,35.029999999999994,75
304,Porto da Folha,-9.92,-37.28,90,1.16,36.041999999999994,31
305,Longyearbyen,78.22,15.64,79,0.66,33.414,88
306,Lesogorsk,56.05,99.51,46,2.31,36.715999999999994,100
307,Horta,38.53,-28.63,80,5.77,36.076,20
308,Alta Floresta,-9.88,-56.09,83,0.42,36.629999999999995,6
309,Bariloche,-41.15,-71.31,63,2.1,31.629999999999995,41
310,Shenzhen,22.55,114.07,70,2.0,38.42,40
311,Tamiahua,21.27,-97.45,83,3.42,37.358000000000004,0
312,Port Augusta,-32.5,137.77,93,2.6,34.217999999999996,90
313,Ust-Nera,64.57,143.2,48,3.68,36.818,93
314,Barrow,71.29,-156.79,92,4.1,32.629999999999995,90
315,Rovaniemi,66.5,25.72,87,4.1,34.23,99
316,Lima,-12.04,-77.03,87,1.5,35.029999999999994,75
317,Nemuro,43.32,145.57,77,2.1,35.629999999999995,75
318,Tura,25.52,90.22,94,2.66,37.07000000000001,98
319,Nuuk,64.18,-51.72,66,2.24,34.141999999999996,48
320,Meulaboh,4.14,96.13,67,2.16,37.672000000000004,100
321,Grindavik,63.84,-22.43,93,2.6,33.83,90
322,Landeck,47.13,10.56,93,1.5,33.92,5
323,Kibre Mengist,5.88,38.98,87,0.67,34.94199999999999,97
324,Vardø,70.37,31.11,89,1.09,33.726,1
325,Garoua,9.3,13.4,86,2.06,36.614,100
326,Guabito,9.5,-82.62,84,1.4,37.198,6
327,Danville,36.59,-79.39,83,3.38,36.870000000000005,90
328,Rochester,43.15,-77.62,69,4.6,36.424,75
329,Anadyr,64.75,177.48,82,5.0,34.818,40
330,Itaituba,-4.28,-55.98,85,0.51,36.705999999999996,2
331,Pedernales,18.04,-71.74,72,0.79,37.488,27
332,Dhemāji,27.48,94.58,94,2.1,37.42999999999999,75
333,Makueni Boma,-1.8,37.62,91,0.64,35.21,93
334,Lago da Pedra,-4.33,-45.17,81,0.66,36.45,41
335,Khatanga,71.97,102.5,56,7.16,35.326,82
336,Sorong,-0.88,131.25,77,2.34,37.596000000000004,20
337,Henties Bay,-22.12,14.28,95,0.45,34.251999999999995,0
338,Ko Samui,9.54,99.94,74,2.6,37.83,20
339,Grants,35.15,-107.85,23,5.1,37.629999999999995,1
340,Chandler,33.31,-111.84,14,4.6,40.67999999999999,40
341,Kayanga,-1.53,31.15,86,0.99,35.262,74
342,Ribeira do Pombal,-10.83,-38.54,93,1.27,35.970000000000006,85
343,Russell,32.35,-85.2,88,2.84,36.528,1
344,Zliten,32.47,14.57,82,2.45,36.626,0
345,Aktash,50.3,87.73,95,1.99,33.734,100
346,Chililabombwe,-12.36,27.82,70,2.87,34.712,2
347,Iberia,29.95,-91.75,74,3.1,37.822,1
348,Youkounkoun,12.53,-13.13,96,2.17,36.525999999999996,100
349,San Nicolas,18.17,120.6,88,1.5,37.42999999999999,75
350,Kasane,-17.82,25.15,49,1.71,33.672000000000004,0
351,Scottsbluff,41.87,-103.67,40,4.6,38.029999999999994,1
352,São Lourenço do Sul,-31.37,-51.98,92,4.23,33.696000000000005,68
353,Vilyuysk,63.76,121.62,69,2.84,36.354,95
354,Kholm,59.27,32.85,91,1.04,34.382000000000005,90
355,Opuwo,-18.06,13.84,52,1.73,33.996,0
356,Lobito,-12.35,13.55,83,1.96,36.028,0
357,Port Macquarie,-31.43,152.92,57,3.28,35.474000000000004,0
358,Aksarka,66.56,67.8,92,4.33,34.882000000000005,100
359,Utinga,-5.82,-35.4,94,2.1,36.512,75
360,Honiara,-9.43,159.95,79,4.1,38.029999999999994,75
361,Jiaozuo,35.24,113.23,55,2.14,37.608000000000004,9
362,Cabo San Lucas,22.89,-109.91,46,5.1,38.29,20
363,Eirunepé,-6.66,-69.87,96,1.07,36.458000000000006,100
364,Ainaži,57.86,24.36,82,3.33,34.767999999999994,0
365,Ucar,40.52,47.65,64,2.52,36.029999999999994,20
366,Nichinan,31.6,131.37,88,4.1,37.23,75
367,Agropoli,40.35,15.0,66,1.79,36.379999999999995,0
368,Okhotsk,59.38,143.3,56,5.1,36.084,21
369,Barinas,8.62,-70.21,91,0.68,36.452,83
370,Mongoumba,3.64,18.59,96,1.06,36.326,100
371,Ubinskoye,55.31,79.68,87,4.64,35.336,41
372,São João da Barra,-21.64,-41.05,79,4.89,36.282000000000004,2
373,Ketchikan,55.34,-131.65,67,5.1,35.23,90
374,Yumen,40.28,97.2,19,5.45,37.846000000000004,100
375,Bouloupari,-21.87,166.05,61,1.5,37.23,90
376,Oleksandrivka,48.96,32.23,91,6.9,35.286,100
377,Kahului,20.89,-156.47,48,11.3,37.379999999999995,40
378,Dryden,49.78,-92.75,60,2.6,36.42999999999999,90
379,Rapid Valley,44.06,-103.15,51,4.6,37.64,1
380,Douglas,41.3,-96.17,61,2.74,36.914,1
381,Buala,-8.14,159.59,79,5.03,37.672000000000004,94
382,Calabozo,8.92,-67.43,96,1.38,36.71,19
383,Husavik,66.04,-17.34,93,2.04,34.029999999999994,40
384,Honningsvåg,70.98,25.97,83,2.65,33.89,8
385,Isangel,-19.55,169.27,65,5.1,37.23,75
386,Shirokiy,49.76,129.52,69,1.71,37.482000000000006,0
387,Chicama,-7.84,-79.15,81,2.01,35.472,8
388,Molochnoye,59.29,39.68,94,2.36,34.65,99
389,Yarensk,62.17,49.09,73,1.93,34.772000000000006,11
390,Mpulungu,-8.76,31.11,47,5.1,36.315999999999995,0
391,Mastung,29.8,66.84,53,2.23,36.891999999999996,0
392,Murmino,54.6,40.05,79,1.82,34.81,0
393,Turbat,26.0,63.04,75,1.59,37.598,100
394,Shimoda,34.67,138.95,83,4.1,36.166,75
395,Teguise,29.06,-13.56,83,6.7,36.23,1
396,Dondo,-19.61,34.74,72,4.1,36.029999999999994,82
397,Alzamay,55.56,98.66,48,3.32,36.588,100
398,Bacungan,9.91,118.7,62,3.1,38.42999999999999,40
399,Antalaha,-14.9,50.28,88,2.24,35.95,36
400,Cayenne,4.93,-52.33,100,1.5,37.029999999999994,75
401,Paka,4.64,103.44,94,1.0,37.029999999999994,40
402,Sola,-13.88,167.55,82,12.01,37.362,56
403,Fairbanks,64.84,-147.72,40,4.1,36.17999999999999,40
404,Road Town,18.42,-64.62,86,7.15,37.664,7
405,Atar,20.52,-13.05,42,3.97,38.40599999999999,0
406,Taywarah,33.35,64.42,32,2.24,35.408,0
407,Petrovac,44.38,21.42,88,1.91,34.141999999999996,25
408,Dolores,-36.31,-57.68,72,4.42,32.746,6
409,Arrondissement de Bourges,47.25,2.42,48,4.1,34.867999999999995,61
410,Tuy Hoa,13.08,109.3,54,0.7,38.512,85
411,Ostrovnoy,68.05,39.51,91,3.28,33.73,100
412,Ayamé,5.61,-3.16,97,0.94,36.367999999999995,82
413,Khanbari,27.37,87.2,72,0.61,37.07000000000001,92
414,Coração de Jesus,-16.69,-44.37,53,2.38,35.260000000000005,15
415,Turtas,58.94,69.13,63,4.07,36.516,32
416,Pahrump,36.21,-115.98,10,1.79,40.432,0
417,Shenjiamen,29.96,122.3,83,2.06,37.556,98
418,Kaeo,-35.1,173.78,3,1.34,35.251999999999995,86
419,Kautokeino,69.01,23.04,82,1.81,34.08200000000001,100
420,Brae,60.4,-1.35,87,4.6,34.42999999999999,100
421,Shahr-e Bābak,30.12,55.12,25,2.1,37.038,84
422,Mackay,-21.15,149.2,33,3.1,36.42999999999999,75
423,Norman Wells,65.28,-126.83,60,2.6,36.029999999999994,75
424,Saldanha,-33.01,17.94,76,6.2,34.83,72
425,Springdale,36.19,-94.13,54,1.83,37.0,1
426,Mentougou,39.94,116.09,71,1.77,37.882000000000005,100
427,Ulcinj,41.93,19.22,46,6.2,36.484,0
428,Poum,-20.23,164.02,76,4.35,36.762,78
429,Laguna,38.42,-121.42,14,3.1,38.989999999999995,1
430,Lata,40.16,-8.33,78,1.35,35.936,0
431,Tevriz,57.51,72.4,63,2.58,36.306,10
432,Tommot,58.96,126.29,38,1.14,38.815999999999995,99
433,Kasongo-Lunda,-6.47,16.82,69,0.18,36.232000000000006,69
434,Streator,41.12,-88.84,83,2.1,36.346000000000004,1
435,Tomatlán,19.93,-105.25,82,0.59,37.263999999999996,100
436,Poplar Bluff,36.76,-90.39,65,1.5,37.284000000000006,1
437,Nizhniy Chir,48.36,43.09,60,4.38,36.720000000000006,95
438,San Sebastian Teitipac,16.95,-96.61,78,1.85,35.416,8
439,Muzhi,65.37,64.67,75,8.21,35.274,43
440,Pacific Grove,36.62,-121.92,56,4.1,35.588,1
441,Kirakira,-10.45,161.92,76,6.0,37.70399999999999,14
442,San Luis,-33.3,-66.34,60,2.22,33.488,100
443,Verkhoyansk,67.54,133.38,45,3.28,37.577999999999996,13
444,Xining,36.62,101.77,45,1.74,36.242,99
445,‘Āhuimanu,21.44,-157.84,62,3.6,37.372,90
446,Kiryat Gat,31.61,34.76,83,2.61,36.33200000000001,1
447,Gospić,44.55,15.37,45,2.1,35.42999999999999,0
448,North Battleford,52.78,-108.28,63,2.6,35.422000000000004,20
449,Otradnoye,59.78,30.82,87,1.0,34.182,0
450,Aguada,18.38,-67.19,91,2.47,37.428,99
451,Tromsø,69.65,18.96,87,1.0,34.23,75
452,Emba,48.83,58.14,43,4.89,38.17999999999999,37
453,Saint-Ambroise,48.55,-71.33,82,7.2,36.108000000000004,90
454,Santiago,-33.46,-70.65,71,1.0,34.42999999999999,100
455,Palmas Bellas,9.23,-80.09,94,2.24,37.251999999999995,38
456,Nago,26.59,127.98,79,3.1,38.158,90
457,Vuktyl,63.86,57.31,72,5.69,35.194,77
458,Huarmey,-10.07,-78.15,83,2.71,35.364,16
459,Codrington,-38.27,141.97,71,3.44,34.794000000000004,5
460,Berdyaush,55.16,59.15,69,0.19,36.403999999999996,0
461,Esso,55.93,158.7,50,2.82,36.596000000000004,98
462,Sinnamary,5.38,-52.95,88,3.29,37.048,46
463,Stawell,-37.05,142.77,73,6.52,34.504,66
464,Savelugu,9.62,-0.83,88,3.43,36.778,94
465,Ciudad Ojeda,10.2,-71.31,83,1.0,37.251999999999995,100
466,Faanui,-16.48,-151.75,77,5.93,37.212,100
467,Constitución,-35.33,-72.42,85,1.97,34.294000000000004,100
468,Munai,7.98,124.06,65,1.28,37.79,70
469,Zhezkazgan,47.8,67.71,50,3.0,36.83,0
470,Meadow Lake,34.8,-106.54,17,7.7,38.282000000000004,75
471,Santa Rosa,14.31,121.11,94,1.15,37.00599999999999,90
472,Ginir,7.13,40.7,89,3.83,34.748000000000005,54
473,Houma,29.6,-90.72,88,2.6,37.717999999999996,1
474,La Grande,45.32,-118.09,35,5.1,36.302,1
475,Ishige,36.12,139.97,83,1.5,36.739999999999995,75
476,Kalmunai,7.42,81.82,68,1.63,37.763999999999996,100
477,Christiansburg,37.13,-80.41,77,0.59,35.858000000000004,1
478,Pemberton,50.32,-122.8,62,1.0,35.029999999999994,40
479,Bāfq,31.61,55.41,18,1.58,37.996,26
480,Rock Sound,24.9,-76.2,80,6.89,37.736000000000004,100
481,Drumnadrochit,57.33,-4.48,87,3.1,34.852,93
482,Mae Sai,20.43,99.88,100,2.6,36.874,75
483,Ulaanbaatar,47.91,106.88,72,1.0,35.629999999999995,40
484,Torbat-e Jām,35.24,60.62,26,7.71,37.470000000000006,1
485,St. Marys,30.73,-81.55,94,3.6,37.596000000000004,40
486,Micheweni,-4.97,39.83,80,4.7,36.826,0
487,Hokitika,-42.72,170.97,72,2.61,34.48,7
488,Seddon,-37.81,144.89,82,5.7,34.822,90
489,High Level,58.52,-117.14,63,3.6,35.42999999999999,90
490,Margate,51.38,1.39,46,1.51,34.726,56
491,Barra do Garças,-15.89,-52.26,68,0.94,36.434000000000005,82
492,Timrå,62.49,17.33,93,3.6,33.742,33
493,Hobyo,5.35,48.53,77,7.59,37.186,87
494,Ha Tinh,18.33,105.9,45,0.63,39.114,6
495,Port Pirie,-33.18,138.02,93,2.6,34.42999999999999,90
496,Linxia Chengguanzhen,35.6,103.21,51,1.64,36.629999999999995,100
497,Lichinga,-13.31,35.24,90,4.4,34.598,61
498,Udachny,66.42,112.4,49,4.0,36.029999999999994,1
499,Pringsewu,-5.36,104.97,58,1.04,38.04600000000001,76
500,Esna,25.29,32.55,25,4.76,37.324,0
501,San Juan,-31.54,-68.54,56,3.88,33.879999999999995,95
502,Ouro Preto do Oeste,-10.75,-62.22,63,0.8,36.842,28
503,Thompson,55.74,-97.86,60,1.5,36.42999999999999,75
504,Kindu,-2.95,25.95,94,1.08,36.327999999999996,81
505,Arlit,18.74,7.39,28,5.59,38.71,6
506,Avera,33.19,-82.53,83,1.5,37.164,1
507,Lagan,45.39,47.37,57,6.71,37.958000000000006,91
508,Santiago del Estero,-27.8,-64.26,56,2.91,34.474000000000004,57
509,Manbij,36.53,37.95,50,6.52,37.029999999999994,0
510,Caravelas,-17.71,-39.25,90,0.76,36.162,84
511,Waipawa,-41.41,175.52,62,5.7,34.339999999999996,52
512,São Miguel do Araguaia,-13.28,-50.16,54,1.1,36.464,9
513,Necochea,-38.55,-58.74,84,3.58,32.364,5
514,La Reforma,25.08,-108.05,80,2.68,38.16799999999999,48
515,Gushikawa,26.35,127.87,79,3.1,38.152,90
516,Nueva Guinea,11.69,-84.46,93,4.24,36.686,100
517,Srīvardhan,18.03,73.02,78,3.08,37.629999999999995,57
518,Tokur,53.13,132.9,38,2.28,37.934000000000005,42
519,Laas,46.62,10.7,93,1.5,34.029999999999994,5
520,Iwanai,42.97,140.51,65,2.19,36.354,61
521,Aswān,24.09,32.91,25,3.57,37.35,0
522,Huoqiu,32.34,116.27,93,3.22,36.25,92
523,Acajutla,13.59,-89.83,100,0.89,35.91799999999999,1
524,Siocon,7.71,122.14,61,0.7,38.148,87
525,Sidi Ali,36.1,0.42,81,1.61,36.52,42
526,Koungou,-12.73,45.2,78,9.3,37.029999999999994,90
527,Kimbe,-5.55,150.14,66,1.2,38.092,100
528,Umeå,63.83,20.26,100,2.25,33.42999999999999,51
529,Vestmannaeyjar,63.44,-20.27,92,3.72,34.105999999999995,100
530,Vicksburg,32.35,-90.88,70,1.5,38.029999999999994,1
531,Northam,51.03,-4.22,89,2.24,34.184000000000005,78
532,Mucurapo,10.67,-61.53,83,2.83,37.54600000000001,20
533,Jiujiang,29.73,115.98,74,3.68,37.872,98
534,Gao,16.64,1.64,31,4.75,38.614,18
535,São José da Coroa Grande,-8.9,-35.15,81,4.07,36.77,4
536,Hailey,43.52,-114.32,35,1.94,35.586,47
537,College,64.86,-147.8,28,3.6,36.182,90
538,Ilek,51.53,53.38,62,3.44,37.166,29
539,Alenquer,-1.94,-54.74,94,1.5,36.83,0
540,Purpe,64.48,76.69,89,7.71,34.696000000000005,100
541,Chapais,49.78,-74.85,93,3.1,35.23,90
542,Poya,-21.35,165.15,76,1.56,36.664,99
543,Sorokino,53.75,84.92,76,1.89,36.044000000000004,13
544,Stromness,58.97,-3.3,98,4.38,34.364,100
545,Kenai,60.55,-151.26,67,5.1,34.977999999999994,75
546,Belmonte,-15.86,-38.88,88,2.1,36.23,90
547,Āsasa,7.1,39.2,84,1.87,34.436,88
548,Maceió,-9.67,-35.74,94,1.5,36.23,40
549,Athabasca,54.72,-113.29,69,3.42,35.134,80
550,Sovetskaya Gavan',48.97,140.29,67,3.16,35.855999999999995,72
551,High Prairie,55.43,-116.49,74,4.48,34.908,18
552,Yasnyy,51.03,59.87,62,5.14,36.962,0
553,Verkhnyaya Toyma,62.23,45.0,74,1.48,34.86,80
554,Namatanai,-3.67,152.43,70,1.12,37.766,99
555,Novikovo,51.15,37.89,83,1.78,35.824,100
556,Vestmanna,62.16,-7.17,100,9.8,34.029999999999994,100
557,Ola,59.58,151.28,72,4.06,35.370000000000005,7
558,Arrondissement de Vesoul,47.58,5.83,93,3.1,34.098,62
559,Vrangel',42.73,133.08,80,3.75,35.616,36
560,Svobodnyy,51.4,128.13,48,2.55,38.291999999999994,4
561,Haines Junction,60.75,-137.51,47,4.09,35.128,7
562,Dutlwe,-23.98,23.9,66,3.99,32.678,0
563,Pacatuba,-3.98,-38.62,78,4.6,37.298,20
564,Faya,18.39,42.45,52,3.9,36.33,20
